,City,Lat,Lng,Max Temp,Humidity,Cloudiness,Winde Speed,Country,Date
0,Maragogi,-9.01,-35.22,77.65,78,0,18.28,BR,1603750586
1,Guerrero Negro,27.98,-114.06,74.93,37,2,17.92,MX,1603750927
2,Atuona,-9.8,-139.03,79.12,72,90,20.38,PF,1603750585
3,Omsukchan,62.53,155.8,15.51,94,100,7.45,RU,1603750928
4,Matara,5.95,80.54,77.2,90,73,7.36,LK,1603750928
5,Rikitea,-23.12,-134.97,74.97,85,100,19.35,PF,1603750586
6,Kaitangata,-46.28,169.85,55.99,68,96,4.0,NZ,1603750928
7,Qaanaaq,77.48,-69.36,7.54,74,73,9.55,GL,1603750928
8,Ancud,-41.87,-73.82,54.0,71,20,11.41,CL,1603750928
9,Camacupa,-12.02,17.48,68.36,73,98,6.91,AO,1603750928
10,Bilibino,68.05,166.44,5.68,93,99,2.91,RU,1603750928
11,Vaini,-21.2,-175.2,77.0,78,75,9.17,TO,1603750898
12,Benicarló,40.42,0.43,54.0,61,0,8.99,ES,1603750929
13,Srednekolymsk,67.45,153.68,6.12,90,0,6.06,RU,1603750929
14,Flinders,-34.58,150.86,57.0,93,98,3.0,AU,1603750929
15,Punta Arenas,-53.15,-70.92,51.8,43,20,20.8,CL,1603750646
16,Avarua,-21.21,-159.78,75.2,69,100,14.99,CK,1603750929
17,Sandwick,60.0,-1.25,48.2,93,0,4.7,GB,1603750929
18,Launceston,-41.45,147.17,54.0,62,37,20.8,AU,1603750930
19,Albany,42.6,-73.97,51.01,83,100,4.99,US,1603750930
20,Ponta do Sol,32.67,-17.1,66.2,72,40,11.41,PT,1603750930
21,Busselton,-33.65,115.33,59.0,83,61,10.65,AU,1603750930
22,Dunedin,-45.87,170.5,52.0,74,78,7.0,NZ,1603750608
23,Kaseda-shirakame,31.42,130.32,50.0,100,0,4.7,JP,1603750930
24,Hilo,19.73,-155.09,80.6,74,90,5.82,US,1603750594
25,Saldanha,-33.01,17.94,59.0,87,12,3.36,ZA,1603750364
26,Kapaa,22.08,-159.32,84.0,59,51,4.52,US,1603750594
27,Chapais,49.78,-74.85,28.4,100,90,5.82,CA,1603750581
28,Nanortalik,60.14,-45.24,33.67,91,92,10.89,GL,1603750592
29,Palagiano,40.58,17.04,64.99,100,40,4.7,IT,1603750931
30,Étampes,48.43,2.15,46.99,49,22,5.99,FR,1603750931
31,Los Llanos de Aridane,28.66,-17.92,69.8,64,0,12.75,ES,1603750897
32,Constitución,-35.33,-72.42,55.9,67,60,15.01,CL,1603750585
33,Saint Paul Harbor,57.79,-152.41,51.8,50,1,20.8,US,1603750591
34,Ushuaia,-54.8,-68.3,51.8,50,40,13.87,AR,1603750585
35,Padang,-0.95,100.35,78.12,71,99,3.06,ID,1603750468
36,Carutapera,-1.2,-46.02,79.95,79,91,6.15,BR,1603750932
37,Bredasdorp,-34.53,20.04,64.4,82,100,9.17,ZA,1603750595
38,Alofi,-19.06,-169.92,77.0,78,75,14.99,NU,1603750548
39,Sept-Îles,50.2,-66.38,32.0,96,90,5.82,CA,1603750922
40,Korla,41.76,86.15,41.0,83,71,3.0,CN,1603750933
41,Aripuanã,-9.17,-60.63,84.97,58,91,5.17,BR,1603750847
42,Mataura,-46.19,168.86,53.01,74,96,1.99,NZ,1603750594
43,Bloomingdale,27.89,-82.24,89.01,58,90,5.82,US,1603750933
44,Taoudenni,22.68,-3.98,86.67,19,5,8.59,ML,1603750933
45,Boyabat,41.47,34.77,62.6,31,0,0.94,TR,1603750934
46,Fort Nelson,58.81,-122.7,32.0,86,90,4.7,CA,1603750612
47,Sitka,57.05,-135.33,48.02,88,100,7.49,US,1603750595
48,Pavlodar,52.3,76.95,48.2,61,0,17.9,KZ,1603750934
49,Thompson,55.74,-97.86,30.2,46,75,8.05,CA,1603750404
50,Saskylakh,71.92,114.08,-0.02,91,93,5.86,RU,1603750585
51,Laguna,38.42,-121.42,75.0,7,1,20.8,US,1603750666
52,Leningradskiy,69.38,178.42,26.98,98,100,11.27,RU,1603750604
53,Tuktoyaktuk,69.45,-133.04,8.6,84,40,12.75,CA,1603750604
54,Minsk,53.9,27.57,46.4,93,0,11.18,BY,1603750903
55,Yellowknife,62.46,-114.35,24.8,62,75,5.82,CA,1603750484
56,Longyan,25.11,117.02,66.0,65,2,1.99,CN,1603750935
57,San Patricio,28.02,-97.52,86.0,62,40,20.8,US,1603750610
58,Nagorsk,59.32,50.81,25.02,97,39,4.29,RU,1603750935
59,Barrow,71.29,-156.79,19.4,85,90,5.82,US,1603750314
60,Fortuna,40.6,-124.16,70.0,18,1,11.41,US,1603750592
61,Katobu,-4.94,122.53,76.32,86,100,3.47,ID,1603750603
62,Kirakira,-10.45,161.92,84.33,72,77,4.56,SB,1603750936
63,Kalamare,-22.93,26.57,72.82,28,29,9.55,BW,1603750936
64,Saint-Philippe,-21.36,55.77,71.6,78,51,4.7,RE,1603750598
65,Najrān,17.49,44.13,62.6,27,0,2.3,SA,1603750594
66,Ribeira Grande,38.52,-28.7,69.8,88,75,18.34,PT,1603750601
67,Kupang,-10.17,123.58,75.2,94,20,2.24,ID,1603750937
68,Castro,-24.79,-50.01,66.38,81,97,4.65,BR,1603750585
69,Port Alfred,-33.59,26.89,65.95,84,93,26.49,ZA,1603750587
70,Cherskiy,68.75,161.3,3.36,93,27,5.86,RU,1603750613
71,Talnakh,69.49,88.4,1.4,84,40,2.86,RU,1603750598
72,La Tuque,47.43,-72.78,32.47,97,100,3.85,CA,1603750937
73,San Miguel de Cozumel,20.51,-86.95,82.4,74,90,28.86,MX,1603750932
74,Dikson,73.51,80.55,11.3,95,97,15.9,RU,1603750592
75,Coquimbo,-29.95,-71.34,59.0,77,0,13.87,CL,1603750601
76,Carnarvon,-24.87,113.63,68.0,82,0,18.34,AU,1603750602
77,São João da Barra,-21.64,-41.05,73.4,94,75,2.24,BR,1603750398
78,Mahon,39.89,4.27,51.8,81,0,3.47,ES,1603750938
79,Arraial do Cabo,-22.97,-42.03,75.2,78,20,5.82,BR,1603750596
80,Saint Anthony,45.02,-93.22,30.2,50,40,6.93,US,1603750622
81,Kavaratti,10.57,72.64,82.09,72,81,6.69,IN,1603750918
82,Bilma,18.69,12.92,69.22,24,0,0.96,NE,1603750933
83,Quatre Cocos,-20.21,57.76,72.0,78,75,8.05,MU,1603750939
84,Zhanakorgan,43.91,67.25,45.0,82,0,7.96,KZ,1603750939
85,Pevek,69.7,170.31,23.68,92,98,15.28,RU,1603750592
86,Samal,7.07,125.71,77.0,94,75,2.24,PH,1603750939
87,Hermanus,-34.42,19.23,64.0,85,67,5.01,ZA,1603750587
88,Waitati,-45.75,170.57,52.0,74,69,7.0,NZ,1603750939
89,Narsaq,60.92,-46.05,42.8,28,95,14.99,GL,1603750598
90,Hithadhoo,-0.6,73.08,83.1,66,58,7.72,MV,1603750600
91,Wajima,37.4,136.9,59.32,56,54,4.43,JP,1603750608
92,Severo-Kuril'sk,50.68,156.12,43.29,85,95,2.98,RU,1603750601
93,Tasiilaq,65.61,-37.64,33.8,47,100,20.8,GL,1603750600
94,Marabu,4.41,114.01,75.2,94,40,13.87,MY,1603750940
95,Boyolangu,-8.12,111.89,75.7,90,95,5.61,ID,1603750612
96,Hong Kong,22.29,114.16,75.0,80,87,18.68,HK,1603750415
97,Fairbanks,64.84,-147.72,30.2,92,90,4.45,US,1603750674
98,Acaraú,-2.89,-40.12,78.89,82,0,15.35,BR,1603750941
99,Airai,-8.93,125.41,62.62,94,71,2.1,TL,1603750608
100,Rawson,-43.3,-65.1,68.04,33,100,17.4,AR,1603750847
101,Saint-Joseph,-21.37,55.62,71.6,78,29,4.7,RE,1603750615
102,Olafsvik,64.89,-23.71,40.96,73,100,14.43,IS,1603750941
103,Tucuruí,-3.77,-49.67,81.1,73,75,5.3,BR,1603750839
104,Souillac,-20.52,57.52,71.6,78,75,8.05,MU,1603750613
105,Jalu,29.03,21.55,68.72,54,2,4.7,LY,1603750605
106,Provideniya,64.38,-173.3,32.0,92,90,2.13,RU,1603750603
107,Bluff,-46.6,168.33,53.01,74,64,1.99,NZ,1603750600
108,Forsytheganj,52.63,29.73,47.59,79,45,9.66,BY,1603750942
109,Dali,25.7,100.18,56.75,84,18,2.33,CN,1603750942
110,Phan Thiet,10.93,108.1,76.28,87,100,3.98,VN,1603750687
111,Camaná,-16.62,-72.71,65.93,68,54,6.44,PE,1603750943
112,Saint George,37.1,-113.58,51.01,9,1,32.21,US,1603750502
113,Adilabad,19.67,78.53,73.06,74,52,1.52,IN,1603750943
114,Chui,-33.7,-53.46,57.97,90,100,12.53,UY,1603750595
115,Jamestown,42.1,-79.24,46.0,93,90,9.17,US,1603750591
116,Norsup,-16.07,167.38,77.0,88,75,6.93,VU,1603750943
117,Yangi Marg`ilon,40.43,71.72,50.0,50,0,9.17,UZ,1603750611
118,Port Lincoln,-34.73,135.87,57.16,83,9,10.33,AU,1603750604
119,Lavrentiya,65.58,-171.0,31.41,91,10,5.7,RU,1603750327
120,Faanui,-16.48,-151.75,80.33,77,60,16.8,PF,1603750595
121,Puerto Ayora,-0.74,-90.35,75.2,69,20,20.8,EC,1603750582
122,Butaritari,3.07,172.79,81.66,66,96,9.04,KI,1603750592
123,Chokurdakh,70.63,147.92,5.52,95,100,11.12,RU,1603750599
124,Touros,-5.2,-35.46,80.6,78,40,11.41,BR,1603750621
125,Mikhaylovka,50.06,43.24,43.29,79,93,5.17,RU,1603750944
126,Moose Factory,51.26,-80.61,28.4,54,75,6.93,CA,1603750900
127,Lebu,-37.62,-73.65,53.85,77,100,6.89,CL,1603750604
128,Pineville,31.32,-92.43,77.0,64,90,3.36,US,1603750945
129,Cockburn Town,21.46,-71.14,82.87,80,92,18.45,TC,1603750609
130,Makkah al Mukarramah,21.43,39.83,76.26,57,0,1.23,SA,1603750622
131,Tupik,54.43,119.93,25.3,96,100,11.41,RU,1603750945
132,Ilulissat,69.22,-51.1,19.4,73,100,5.82,GL,1603750601
133,Inhambane,-23.86,35.38,72.79,89,0,5.86,MZ,1603750898
134,Wyndham,37.7,-77.61,64.0,85,84,1.3,US,1603750946
135,Port Elizabeth,-33.92,25.57,64.4,88,90,18.34,ZA,1603750316
136,Kahului,20.89,-156.47,86.0,55,40,6.93,US,1603750912
137,Magdalena,14.2,121.43,80.6,78,90,8.05,PH,1603750946
138,Anito,12.45,125.29,77.83,87,100,5.06,PH,1603750946
139,Bac Lieu,9.29,105.72,75.16,90,83,7.52,VN,1603750946
140,Nogliki,51.83,143.17,38.64,87,97,11.83,RU,1603750946
141,George Town,5.41,100.34,75.2,94,20,5.64,MY,1603750435
142,Batagay-Alyta,67.8,130.41,7.72,88,100,1.72,RU,1603750948
143,Naze,28.37,129.48,69.8,68,20,9.17,JP,1603750948
144,São Filipe,14.9,-24.5,80.96,76,100,9.73,CV,1603750595
145,Geraldton,-28.77,114.6,57.2,87,75,4.7,AU,1603750613
146,Hobart,-42.88,147.33,54.0,62,75,6.93,AU,1603750581
147,Kavieng,-2.57,150.8,84.49,64,90,6.46,PG,1603750599
148,Malazgirt,39.14,42.54,42.46,56,0,1.14,TR,1603750949
149,Kuril'sk,45.23,147.88,47.73,72,80,10.83,RU,1603750949
150,Vila Velha,-20.33,-40.29,75.2,73,0,14.99,BR,1603750314
151,Bambous Virieux,-20.34,57.76,72.0,78,75,8.05,MU,1603750585
152,Lompoc,34.64,-120.46,71.6,37,1,12.75,US,1603750595
153,Raymondville,26.48,-97.78,89.6,38,75,17.22,US,1603750949
154,Changzhou,31.78,119.97,63.0,85,77,1.01,CN,1603750949
155,Klaksvík,62.23,-6.59,37.4,69,21,3.36,FO,1603750926
156,Tulum,20.22,-87.47,82.4,74,90,28.86,MX,1603750950
157,Hervey Bay,-25.3,152.85,75.99,90,97,4.0,AU,1603750842
158,San Isidro,-12.12,-77.05,68.0,72,40,13.87,PE,1603750950
159,Nagua,19.38,-69.85,84.2,89,40,13.87,DO,1603750597
160,Broken Hill,-31.95,141.43,51.8,93,90,8.05,AU,1603750950
161,Jeremoabo,-10.07,-38.48,78.85,67,100,11.25,BR,1603750950
162,Chapleau,47.84,-83.4,26.6,79,75,4.25,CA,1603750951
163,Koeru,58.96,26.03,50.2,92,100,9.69,EE,1603750951
164,Nouadhibou,20.93,-17.03,75.2,64,0,18.34,MR,1603750951
165,Sørland,67.67,12.69,44.6,93,75,19.46,NO,1603750611
166,Yermakovskoye,53.28,92.4,33.55,87,100,5.82,RU,1603750951
167,Morón,-34.65,-58.62,66.0,60,0,3.0,AR,1603750932
168,Bambanglipuro,-7.95,110.28,76.73,87,98,5.73,ID,1603750752
169,Soyo,-6.13,12.37,76.93,85,87,6.71,AO,1603750606
170,Khatanga,71.97,102.5,2.26,94,84,9.46,RU,1603750591
171,Ridgecrest,35.62,-117.67,68.0,2,1,22.08,US,1603750915
172,Barra de Tecoanapa,16.52,-98.75,85.44,75,100,8.77,MX,1603750952
173,Christchurch,-43.53,172.63,51.01,81,100,6.93,NZ,1603750606
174,Tuatapere,-46.13,167.68,53.01,74,91,1.99,NZ,1603750614
175,Yokote,39.3,140.57,46.4,100,90,5.82,JP,1603750952
176,Uyuni,-20.46,-66.83,64.71,19,0,19.1,BO,1603750952
177,Uruçuí,-7.23,-44.56,85.44,56,93,0.6,BR,1603750953
178,Amazar,53.86,120.88,27.12,95,100,11.7,RU,1603750898
179,Kambove,-10.88,26.6,66.99,65,98,3.62,CD,1603750621
180,Cape Town,-33.93,18.42,64.99,82,0,3.36,ZA,1603750585
181,Mvomero,-6.25,38.67,77.0,83,20,1.77,TZ,1603750953
182,Fare,-16.7,-151.02,80.98,76,68,14.61,PF,1603750953
183,Haines Junction,60.75,-137.51,42.13,66,27,15.08,CA,1603750598
184,Gurkovo,42.67,25.8,51.8,81,5,0.34,BG,1603750953
185,Beringovskiy,63.05,179.32,32.36,89,0,2.68,RU,1603750600
186,Bengkulu,-3.8,102.27,74.53,82,100,3.33,ID,1603750906
187,Te Anau,-45.42,167.72,52.63,55,60,5.44,NZ,1603750605
188,Trincomalee,8.57,81.23,80.01,81,100,5.86,LK,1603750954
189,Lagoa,39.05,-27.98,68.13,91,100,23.76,PT,1603750600
190,Ushtobe,45.25,77.98,51.06,42,100,6.51,KZ,1603750954
191,Amparafaravola,-17.58,48.22,61.56,90,61,1.45,MG,1603750954
192,Almaznyy,48.04,40.05,50.0,61,0,20.13,RU,1603750955
193,Isangel,-19.55,169.27,78.24,67,20,13.53,VU,1603750615
194,Coyhaique,-45.58,-72.07,51.8,53,40,10.29,CL,1603750449
195,Zhezkazgan,47.8,67.71,38.5,70,7,11.99,KZ,1603750619
196,Yar-Sale,66.83,70.83,7.34,95,63,6.73,RU,1603750610
197,Ust-Tsilma,65.44,52.15,19.99,96,100,5.46,RU,1603750602
198,Yakima,46.47,-120.67,45.0,26,1,3.36,US,1603750955
199,Mahébourg,-20.41,57.7,71.6,78,75,8.05,MU,1603750584
200,Avera,33.19,-82.53,68.0,100,90,6.93,US,1603750611
201,Kalabo,-14.97,22.68,78.03,22,48,3.62,ZM,1603750614
202,Arrondissement de Privas,44.58,4.5,46.99,87,2,1.99,FR,1603750956
203,East London,-33.02,27.91,66.47,88,99,21.61,ZA,1603750595
204,Hamilton,39.18,-84.53,51.01,81,90,6.93,US,1603750503
205,Pisco,-13.7,-76.22,71.6,60,0,17.22,PE,1603750591
206,Marsá Maţrūḩ,31.35,27.25,71.6,68,40,6.93,EG,1603750956
207,Magadan,59.57,150.8,32.59,86,95,9.69,RU,1603750956
208,Husavik,66.04,-17.34,35.6,74,90,8.05,IS,1603750918
209,Truth or Consequences,33.13,-107.25,66.99,42,90,25.28,US,1603750957
210,Oktyabr'skiy,54.48,53.47,29.61,90,92,14.41,RU,1603750957
211,Upernavik,72.79,-56.15,17.71,81,99,5.44,GL,1603750608
212,Dire Dawa,9.59,41.87,63.14,42,3,1.36,ET,1603750957
213,Magistral'nyy,56.17,107.45,18.18,95,62,3.31,RU,1603750913
214,Suffolk,40.87,-72.8,57.99,93,90,9.19,US,1603750957
215,Bud,39.45,-86.18,45.0,93,90,7.61,US,1603750940
216,Atambua,-9.11,124.89,76.41,81,85,2.62,ID,1603750958
217,Rock Sound,24.9,-76.2,82.36,78,84,7.49,BS,1603750958
218,Katsuura,35.13,140.3,61.0,67,75,12.75,JP,1603750594
219,Vao,-22.67,167.48,73.47,83,6,19.91,NC,1603750919
220,Arman',59.7,150.17,32.34,87,84,12.46,RU,1603750586
221,Buala,-8.14,159.59,83.28,71,95,2.17,SB,1603750608
222,Aksarka,66.56,67.8,3.92,95,64,7.43,RU,1603750958
223,Dutlwe,-23.98,23.9,79.0,21,97,13.0,BW,1603750959
224,Port Macquarie,-31.43,152.92,71.01,65,100,3.0,AU,1603750941
225,Saint-Augustin,51.23,-58.65,34.25,74,96,9.42,CA,1603750931
226,Marsh Harbour,26.54,-77.06,82.49,74,20,7.85,BS,1603750959
227,Pangnirtung,66.15,-65.71,21.2,67,75,9.17,CA,1603750375
228,Alugan,12.22,125.48,79.03,82,100,4.79,PH,1603750959
229,Kodinsk,58.69,99.18,24.94,95,88,3.6,RU,1603750585
230,New Norfolk,-42.78,147.06,54.0,61,100,1.01,AU,1603750586
231,Maun,-19.98,23.42,82.4,20,0,10.29,BW,1603750960
232,Polohy,47.48,36.25,53.19,63,100,13.31,UA,1603750960
233,Yei,4.09,30.68,68.4,94,100,2.39,SS,1603750960
234,Coari,-4.08,-63.14,84.69,65,61,1.41,BR,1603750960
235,Cabo San Lucas,22.89,-109.91,89.6,51,5,17.22,MX,1603750556
236,Ponta Delgada,37.73,-25.67,68.0,82,40,16.11,PT,1603750961
237,Iqaluit,63.75,-68.51,15.8,85,90,4.7,CA,1603750597
238,Nikolskoye,59.7,30.79,48.2,87,90,4.47,RU,1603750593
239,Sabang,5.89,95.32,82.17,74,80,18.14,ID,1603750961
240,Aklavik,68.22,-135.01,12.2,85,75,9.17,CA,1603750596
241,Chabahar,25.29,60.64,73.22,45,0,2.17,IR,1603750962
242,Imeni Poliny Osipenko,52.42,136.49,29.35,88,0,1.79,RU,1603750962
243,Labuhan,-6.88,112.21,78.37,85,72,10.89,ID,1603750601
244,Natal,-5.79,-35.21,80.6,78,40,8.05,BR,1603750865
245,Cidreira,-30.18,-50.21,68.36,95,100,10.33,BR,1603750593
246,Zile,40.3,35.89,50.0,39,0,2.51,TR,1603750962
247,Sabha,27.04,14.43,70.79,30,14,8.41,LY,1603750962
248,Pemagatsel,27.03,91.43,52.9,88,61,4.56,BT,1603750962
249,Pombas,17.15,-25.02,78.8,78,75,36.91,CV,1603750963
250,Svit,49.06,20.21,53.6,76,90,10.29,SK,1603750963
251,Qurayyat,31.33,37.34,66.2,16,0,4.7,SA,1603750963
252,Gigmoto,13.78,124.39,79.77,80,100,5.23,PH,1603750963
253,Seoul,37.57,126.98,46.4,100,1,0.67,KR,1603750500
254,Bundaberg,-24.85,152.35,78.01,88,90,5.82,AU,1603750619
255,Alekseyevka,50.63,38.69,48.79,71,100,9.01,RU,1603750963
256,General Roca,-39.03,-67.58,75.2,25,0,4.7,AR,1603750927
257,Gusau,12.16,6.66,76.41,27,1,3.4,NG,1603750964
258,Urucará,-2.54,-57.76,85.71,61,86,1.05,BR,1603750964
259,Yeniseysk,58.45,92.17,28.15,97,98,5.97,RU,1603750926
260,Petites Anses,15.85,-61.64,78.8,94,11,3.36,GP,1603750964
261,Thinadhoo,0.53,72.93,82.47,69,39,7.61,MV,1603750595
262,Hofn,64.25,-15.21,36.75,77,3,11.32,IS,1603750591
263,Bara,10.37,10.73,76.06,38,8,0.76,NG,1603750595
264,Shahr-e Bābak,30.12,55.12,47.89,43,0,6.11,IR,1603750965
265,Tautira,-17.73,-149.15,86.0,66,75,12.75,PF,1603750610
266,La Guardia,-17.89,-63.33,82.4,48,75,9.17,BO,1603750965
267,Norman Wells,65.28,-126.83,24.8,92,90,17.22,CA,1603750599
268,San Rafael,-34.62,-68.33,76.73,19,21,19.57,AR,1603750790
269,San Benedetto del Tronto,42.95,13.88,57.0,76,96,1.99,IT,1603750966
270,Jizan,17.33,42.67,86.0,66,20,0.43,SA,1603750966
271,Nizwá,22.93,57.53,62.76,56,0,1.63,OM,1603750966
272,São Luiz Gonzaga,-28.41,-54.96,63.23,81,67,9.37,BR,1603750966
273,Clyde River,70.47,-68.59,10.85,86,9,4.7,CA,1603750599
274,Kalmar,56.66,16.36,52.0,100,100,4.7,SE,1603750966
275,Todos Santos,23.45,-110.22,79.0,67,0,8.01,MX,1603750966
276,Zachary,30.65,-91.16,82.0,54,1,6.93,US,1603750966
277,Warrington,53.39,-2.58,48.99,87,40,12.75,GB,1603750967
278,Statesboro,32.45,-81.78,75.2,83,90,4.07,US,1603750967
279,Banjar,-8.19,114.97,78.8,88,20,1.12,ID,1603750603
280,Brigantine,39.41,-74.36,64.99,93,90,3.36,US,1603750866
281,Leshukonskoye,64.9,45.76,26.8,96,100,10.31,RU,1603750967
282,Biltine,14.53,20.92,80.19,18,34,6.87,TD,1603750609
283,Omboué,-1.57,9.26,76.3,89,80,6.93,GA,1603750967
284,Ossora,59.24,163.07,38.44,94,100,10.8,RU,1603750968
285,Antofagasta,-23.65,-70.4,60.8,72,75,16.11,CL,1603750716
286,Barcelos,41.54,-8.62,51.8,100,20,6.93,PT,1603750968
287,La Ronge,55.1,-105.28,30.2,50,20,11.41,CA,1603750613
288,Kawalu,-7.38,108.21,72.27,93,100,2.28,ID,1603750968
289,Kuusamo,65.97,29.18,41.0,93,90,9.17,FI,1603750968
290,Aberdeen,57.14,-2.1,46.4,87,40,10.29,GB,1603750947
291,Adrar,20.5,-10.07,87.53,13,7,5.12,MR,1603750596
292,Amahai,-3.33,128.92,84.0,90,100,3.33,ID,1603750969
293,Mandalī,33.75,45.55,71.29,21,0,7.83,IQ,1603750969
294,The Valley,18.22,-63.06,82.4,83,40,12.75,AI,1603750969
295,Neya,58.3,43.87,29.53,96,0,4.34,RU,1603750969
296,Khovd,48.01,91.64,27.75,80,0,0.96,MN,1603750969
297,Tahe,52.33,124.73,32.92,96,100,4.16,CN,1603750969
298,Dafeng,23.45,108.59,67.5,84,21,3.67,CN,1603750970
299,Sremska Mitrovica,44.98,19.61,53.6,100,0,4.72,RS,1603750970
300,Eidfjord,60.47,7.07,35.01,89,79,4.09,NO,1603750970
301,Sinnamary,5.38,-52.95,80.51,84,1,9.84,GF,1603750598
302,Autun,46.95,4.3,48.0,81,0,4.7,FR,1603750970
303,Muros,42.78,-9.06,55.0,89,100,7.0,ES,1603750971
304,Ahipara,-35.17,173.17,68.61,72,22,5.14,NZ,1603750615
305,Daoukro,7.06,-3.96,74.97,85,100,2.86,CI,1603750971
306,Chalakudi,10.3,76.34,78.8,94,75,1.36,IN,1603750971
307,Ostrovnoy,68.05,39.51,40.8,94,100,29.12,RU,1603750367
308,Kaeo,-35.1,173.78,72.0,83,28,5.01,NZ,1603750971
309,Bathsheba,13.22,-59.52,78.8,88,75,21.92,BB,1603750615
310,Chernyshevskiy,63.01,112.47,10.99,88,82,2.08,RU,1603750971
311,La Santisima Trinidad,-14.83,-64.9,73.0,93,85,10.56,BO,1603750972
312,Adelaide,-34.93,138.6,59.0,87,75,9.17,AU,1603750733
313,Sahuaripa,29.05,-109.23,78.89,43,22,16.02,MX,1603750972
314,Lázaro Cárdenas,17.96,-102.2,84.52,78,100,8.43,MX,1603750560
315,Khor,47.89,134.95,34.99,92,43,4.74,RU,1603750592
316,Kusa,55.34,59.44,25.61,95,100,17.2,RU,1603750972
317,Vostok,46.49,135.88,27.75,99,0,3.47,RU,1603750897
318,Halifax,44.65,-63.57,50.0,87,90,8.05,CA,1603750917
319,Port Blair,11.67,92.75,79.27,81,11,4.38,IN,1603750387
320,High Level,58.52,-117.14,28.4,58,90,5.82,CA,1603750973
321,Suntar,62.14,117.63,14.92,90,100,2.04,RU,1603750909
322,La Libertad,-2.23,-80.9,73.4,78,75,11.41,EC,1603750610
323,Tūkrah,32.53,20.58,69.3,68,18,5.97,LY,1603750973
324,Suozhen,36.95,118.1,54.59,41,90,4.27,CN,1603750973
325,Poços de Caldas,-21.79,-46.56,64.4,67,54,2.84,BR,1603750974
326,Upata,8.01,-62.4,79.0,87,93,5.01,VE,1603750974
327,Rosedale,39.32,-76.52,62.01,100,90,2.75,US,1603750943
328,Sovetskaya Gavan',48.97,140.29,35.96,82,0,3.96,RU,1603750974
329,Jiayuguan City,39.82,98.3,32.68,72,90,1.14,CN,1603750974
330,La Palma,33.85,-118.05,73.99,4,1,4.7,US,1603750760
331,Half Moon Bay,37.46,-122.43,73.4,7,1,13.87,US,1603750614
332,Ankang,32.68,109.02,55.99,53,100,7.0,CN,1603750938
333,Agar,23.7,76.02,69.66,36,2,3.69,IN,1603750975
334,Hoshcha,50.6,26.67,50.41,89,6,9.73,UA,1603750975
335,Ciudad Bolivar,8.12,-63.55,83.93,67,94,8.12,VE,1603750975
336,Umluj,25.02,37.27,80.13,52,0,3.87,SA,1603750975
337,Torbay,47.67,-52.73,36.0,64,75,6.93,CA,1603750587
338,Yulara,-25.24,130.99,59.0,33,0,8.05,AU,1603750607
339,Dabakala,8.37,-4.43,78.19,59,89,1.59,CI,1603750976
340,Bethel,41.37,-73.41,53.6,93,90,2.46,US,1603750426
341,Trat,12.5,102.5,72.16,91,100,3.71,TH,1603750598
342,Châlette-sur-Loing,48.01,2.74,48.0,90,33,11.07,FR,1603750976
343,Hambantota,6.12,81.12,78.8,94,40,2.24,LK,1603750462
344,Kumul,42.8,93.45,37.06,67,99,3.94,CN,1603750605
345,Kruisfontein,-34.0,24.73,64.0,90,100,5.01,ZA,1603750587
346,Caldwell,43.66,-116.69,45.0,17,75,9.17,US,1603750977
347,Samfya,-11.36,29.56,77.63,46,19,10.89,ZM,1603750977
348,El Alto,-4.27,-81.21,67.57,81,65,12.28,PE,1603750613
349,Puerto Quijarro,-17.78,-57.77,77.13,87,100,7.78,BO,1603750977
350,Tura,25.52,90.22,68.88,91,0,2.95,IN,1603750977
351,Nyrob,60.73,56.72,20.1,95,0,7.4,RU,1603750977
352,Nemuro,43.32,145.57,49.62,77,35,8.72,JP,1603750927
353,Muravlenko,63.79,74.52,12.11,96,100,15.66,RU,1603750619
354,Chesma,53.81,60.65,27.3,97,100,28.88,RU,1603750978
355,Port Hardy,50.7,-127.42,44.6,100,90,8.05,CA,1603750586
356,Kieta,-6.22,155.63,83.5,67,63,2.44,PG,1603750614
357,Magdagachi,53.45,125.8,29.8,99,100,7.87,RU,1603750978
358,Garachiné,8.06,-78.36,81.14,81,87,7.72,PA,1603750978
359,Ubari,26.59,12.78,73.31,25,80,12.53,LY,1603750978
360,Kyshtovka,56.55,76.63,42.62,94,100,10.74,RU,1603750925
361,Cravo Norte,6.3,-70.2,83.68,77,46,6.58,CO,1603750596
362,Igarka,67.47,86.58,-3.23,89,0,6.35,RU,1603750979
363,Astoria,46.19,-123.83,54.0,46,1,10.29,US,1603750979
364,Pestovo,58.59,35.8,44.04,87,100,9.24,RU,1603750979
365,Mpika,-11.83,31.45,66.96,59,39,7.4,ZM,1603750979
366,Zhangye,38.93,100.45,37.58,61,97,3.42,CN,1603750979
367,Yaan,7.38,8.57,76.28,84,92,5.26,NG,1603750979
368,Hohhot,40.81,111.65,21.2,53,0,4.47,CN,1603750980
369,Belaguntha,19.88,84.65,70.7,68,0,2.62,IN,1603750980
370,Pangody,65.85,74.49,3.74,94,2,9.37,RU,1603750908
371,Chinna Salem,11.65,78.9,74.8,81,17,2.15,IN,1603750980
372,Rockland,41.17,-74.05,55.0,96,99,2.15,US,1603750980
373,Tevaitoa,-16.78,-151.5,81.05,76,93,16.17,PF,1603750980
374,Vila Franca do Campo,37.72,-25.43,68.0,82,40,14.99,PT,1603750612
375,Manado,1.49,124.85,71.6,100,20,3.36,ID,1603750598
376,Northam,51.03,-4.22,50.0,85,22,8.99,GB,1603750923
377,Sola,-13.88,167.55,84.2,79,75,5.82,VU,1603750981
378,Caucayá,-0.19,-74.78,87.28,64,87,2.19,CO,1603750981
379,Roald,62.58,6.13,46.0,87,0,2.24,NO,1603750981
380,Simao,22.79,100.97,60.69,92,26,1.61,CN,1603750981
381,Nouna,12.73,-3.87,81.16,21,43,2.86,BF,1603750982
382,Samarai,-10.62,150.67,81.48,83,95,9.13,PG,1603750943
383,Giza,30.01,31.21,75.2,73,0,5.82,EG,1603750982
384,Ledyard Center,41.44,-72.01,54.0,93,90,8.05,US,1603750982
385,Borinskoye,52.46,39.37,39.2,93,0,6.71,RU,1603750982
386,Tai’an,36.19,117.12,60.01,41,79,1.01,CN,1603750982
387,Alice Springs,-23.7,133.88,60.8,31,0,6.93,AU,1603750605
388,Requena,39.49,-1.1,46.0,63,2,3.0,ES,1603750983
389,Dingle,11.0,122.67,75.6,91,100,5.44,PH,1603750605
390,Bereket,39.24,55.52,63.77,28,100,5.91,TM,1603750983
391,Am Timan,11.03,20.28,77.99,39,96,3.87,TD,1603750983
392,Salinópolis,-0.61,-47.36,81.46,77,48,11.61,BR,1603750607
393,Coahuayana Viejo,18.73,-103.68,84.2,70,75,17.22,MX,1603750598
394,Turukhansk,65.82,87.98,-1.07,89,0,6.69,RU,1603750939
395,Caravelas,-17.71,-39.25,75.25,85,3,7.18,BR,1603750898
396,Daru,-9.08,143.21,81.36,78,73,7.87,PG,1603750611
397,Doha,25.29,51.53,79.0,74,0,4.7,QA,1603750591
398,Havre-St-Pierre,50.23,-63.6,32.0,80,90,4.7,CA,1603750921
399,Molochnoye,59.29,39.68,36.57,89,95,10.78,RU,1603750984
400,Karratha,-20.74,116.85,67.46,63,26,6.87,AU,1603750984
401,Abhā,18.22,42.51,59.0,22,0,3.38,SA,1603750984
402,Lagos,6.58,3.75,77.61,92,100,3.98,NG,1603750614
403,Pacific Grove,36.62,-121.92,72.0,21,1,8.05,US,1603750618
404,Lorengau,-2.02,147.27,80.96,80,100,5.7,PG,1603750548
405,Eyl,7.98,49.82,78.21,77,93,7.16,SO,1603750985
406,Puerto del Rosario,28.5,-13.86,71.6,83,40,18.34,ES,1603750985
407,Zhob,31.34,69.45,51.66,35,0,1.99,PK,1603750985
408,Agde,43.31,3.48,53.6,66,75,11.41,FR,1603750985
409,Mar del Plata,-38.0,-57.56,59.0,58,0,9.17,AR,1603750591
410,Dawlatabad,36.41,64.91,47.98,59,25,1.43,AF,1603750985
411,Mount Gambier,-37.83,140.77,48.2,87,95,9.17,AU,1603750602
412,Jinchang,38.5,102.17,40.05,55,99,2.35,CN,1603750986
413,Surskoye,54.48,46.72,30.58,95,0,2.75,RU,1603750986
414,Sambava,-14.27,50.17,71.1,85,4,7.78,MG,1603750614
415,Codrington,-38.27,141.97,53.94,75,55,15.39,AU,1603750600
416,Nelson Bay,-32.72,152.15,62.01,100,90,12.75,AU,1603750614
417,Dera Bugti,29.03,69.15,64.94,26,0,1.83,PK,1603750986
418,Lang Son,21.83,106.73,64.35,94,6,4.0,VN,1603750849
419,Boda,4.32,17.47,72.09,90,100,1.32,CF,1603750987
420,Napanee,44.25,-76.95,41.0,93,90,6.93,CA,1603750791
421,Harper,4.38,-7.72,77.83,90,79,8.93,LR,1603750987
422,Krasnosel'kup,65.7,82.47,-0.87,90,0,10.16,RU,1603750987
423,Vengerovo,55.68,76.75,44.53,82,100,14.97,RU,1603750987
424,Guatire,10.48,-66.54,75.51,84,49,3.4,VE,1603750987
425,Zyryanka,65.75,150.85,3.52,92,0,1.12,RU,1603750987
426,San Jose,37.34,-121.89,75.2,6,20,11.41,US,1603750842
427,Fremont,37.55,-121.99,75.0,8,5,5.46,US,1603750887
428,Mayo,38.89,-76.51,62.01,100,90,3.36,US,1603750988
429,Praia da Vitória,38.73,-27.07,69.8,83,75,10.16,PT,1603750988
430,Koungheul,13.98,-14.8,83.84,16,1,5.03,SN,1603750988
431,Monrovia,6.3,-10.8,80.2,83,84,9.48,LR,1603750600
432,Luena,-11.78,19.92,66.24,84,100,5.03,AO,1603750988
433,Ambulu,-8.35,113.61,76.12,88,68,1.72,ID,1603750989
434,Grindavik,63.84,-22.43,39.2,80,75,19.46,IS,1603750614
435,Belyy Yar,53.6,91.39,39.2,93,0,6.71,RU,1603750989
436,Wuning,29.26,120.23,61.12,85,99,2.48,CN,1603750989
437,Mabaruma,8.2,-59.78,77.18,91,96,3.56,GY,1603750989
438,Ngudu,-2.97,33.33,69.24,81,94,2.13,TZ,1603750989
439,Egvekinot,66.32,-179.17,22.8,96,100,3.56,RU,1603750990
440,Santa Isabel,-23.32,-46.22,71.6,82,0,13.87,BR,1603750990
441,Yarega,63.44,53.58,19.92,97,96,2.1,RU,1603750990
442,Murray Bridge,-35.12,139.27,53.01,99,97,4.79,AU,1603750502
443,Brenes,37.55,-5.87,59.0,81,0,1.12,ES,1603750990
444,Ayan,56.45,138.17,32.61,75,3,3.42,RU,1603750587
445,Villars-sur-Glâne,46.79,7.12,44.6,87,75,4.7,CH,1603750991
446,Sakakah,29.97,40.21,73.4,10,0,6.93,SA,1603750991
447,Adamovka,51.52,59.94,32.11,87,91,23.0,RU,1603750991
448,Tabuk,17.42,121.44,74.66,90,99,1.25,PH,1603750991
449,Puerto Escondido,15.85,-97.07,86.0,66,75,5.82,MX,1603750604
450,Grand Gaube,-20.01,57.66,72.0,77,0,4.0,MU,1603750991
451,Westport,41.14,-73.36,55.99,100,90,14.99,US,1603750444
452,Laas,46.62,10.7,48.0,66,90,5.82,IT,1603750991
453,Hasaki,35.73,140.83,55.0,93,75,8.05,JP,1603750479
454,Poum,-20.23,164.02,76.8,74,0,11.7,NC,1603750619
455,Redmond,47.67,-122.12,50.0,62,55,3.36,US,1603750778
456,Znamenskoye,57.13,73.83,42.78,95,100,9.06,RU,1603750992
457,Bowen,-20.02,148.23,71.6,94,90,3.36,AU,1603750992
458,Rincon,32.3,-81.24,71.6,83,90,6.93,US,1603750992
459,Plymouth,41.83,-70.83,55.4,93,90,5.82,US,1603750759
460,Cabo Rojo,18.09,-67.15,84.0,85,73,1.01,PR,1603750992
461,Ayorou,14.73,0.92,85.78,12,1,6.49,NE,1603750993
462,Kirovskiy,45.09,133.51,36.52,84,94,6.31,RU,1603750865
463,Ambon City,-3.7,128.18,75.2,94,40,8.05,ID,1603750586
464,Mehamn,71.04,27.85,33.8,80,0,13.87,NO,1603750993
465,Tres Arroyos,-38.37,-60.28,63.18,59,0,7.7,AR,1603750993
466,Salalah,17.02,54.09,77.0,61,0,5.82,OM,1603750602
467,Lubao,14.92,120.55,77.0,94,75,4.7,PH,1603750993
468,Paracuru,-3.41,-39.03,80.01,75,0,13.0,BR,1603750994
469,Ostashkov,57.15,33.11,45.21,88,100,8.75,RU,1603750994
470,Esim,4.87,-2.24,78.22,86,100,5.19,GH,1603750924
471,Cayenne,4.93,-52.33,82.4,78,40,3.36,GF,1603750606
472,Ulladulla,-35.35,150.47,55.99,87,75,11.41,AU,1603750612
473,Dalvik,65.97,-18.53,35.6,74,90,8.05,IS,1603750994
474,San Quintín,30.48,-115.95,69.51,40,17,11.14,MX,1603750606
475,Wennigsen,52.27,9.57,48.0,71,100,5.01,DE,1603750994
476,Cadillac,44.25,-85.4,35.6,90,90,4.7,US,1603750995
477,Tiksi,71.69,128.87,6.37,94,99,7.23,RU,1603750585
478,Chaplynka,46.37,33.54,60.96,81,100,14.38,UA,1603750995
479,Port Hedland,-20.32,118.57,71.6,88,90,3.36,AU,1603750600
480,San Cristobal,7.77,-72.22,87.8,58,40,11.41,VE,1603750618
481,Tilichiki,60.47,166.1,30.25,96,100,7.02,RU,1603750617
482,Belaya Gora,68.53,146.42,3.07,88,11,5.08,RU,1603750995
483,Iracoubo,5.48,-53.2,81.09,82,1,10.13,GF,1603750995
484,Dudinka,69.41,86.18,1.4,84,40,0.89,RU,1603750445
485,Alta Floresta,-9.88,-56.09,75.69,86,97,1.88,BR,1603750938
486,Sīta Road,27.03,67.85,71.22,21,0,3.2,PK,1603750996
487,Mareeba,-17.0,145.43,80.01,61,100,3.36,AU,1603750996
488,Ailigandí,9.23,-78.02,82.44,78,72,4.61,PA,1603750996
489,Assiut,27.18,31.18,71.6,60,0,4.7,EG,1603750996
490,Kuytun,54.34,101.5,25.3,89,80,4.38,RU,1603750996
491,Neuquén,-38.95,-68.06,75.2,25,0,4.7,AR,1603750997
492,Tefé,-3.35,-64.71,91.4,55,20,4.7,BR,1603750998
493,Kushmurun,52.45,64.63,31.51,94,100,23.33,KZ,1603750998
494,Port Jervis,41.38,-74.69,52.0,10,100,1.07,US,1603750999
495,Ambilobe,-13.2,49.05,72.18,73,17,4.41,MG,1603750593
496,Myaundzha,63.05,147.19,3.63,80,0,1.07,RU,1603750999
497,Abu Samrah,35.3,37.18,69.49,23,0,10.96,SY,1603751000
498,Olinda,-8.01,-34.86,80.6,74,75,9.17,BR,1603751000
499,Sakleshpur,12.97,75.78,64.81,86,0,3.69,IN,1603751001
500,Paamiut,61.99,-49.67,32.45,90,98,29.48,GL,1603750601
501,Oistins,13.07,-59.53,78.8,88,75,21.92,BB,1603751001
502,Kemijärvi,66.71,27.43,40.86,96,100,8.16,FI,1603751002
503,Necochea,-38.55,-58.74,64.0,63,0,4.0,AR,1603750477
504,Traian,46.63,27.03,54.0,100,90,1.12,RO,1603751002
505,Kangaatsiaq,68.31,-53.46,24.13,91,83,8.7,GL,1603751003
506,Mossamedes,-15.2,12.15,69.53,78,75,1.61,AO,1603750613
507,Price,39.6,-110.81,39.2,21,1,11.41,US,1603751004
508,Caohai,26.87,104.28,50.45,98,100,3.24,CN,1603751004
509,Kibala,9.11,18.35,77.0,88,0,2.1,TD,1603751005
510,Jurm,36.86,70.83,43.25,45,0,2.68,AF,1603751005
511,Russell,32.35,-85.2,80.6,65,40,5.82,US,1603750623
512,Gornopravdinsk,60.05,69.9,29.79,97,100,14.05,RU,1603750916
513,Jasper,37.2,-94.35,32.0,98,90,12.75,US,1603751006
514,Atasū,48.68,71.64,44.26,72,81,18.3,KZ,1603750618
515,Saint Stephen,50.33,-4.9,51.8,76,75,14.99,GB,1603751006
516,Ouésso,1.61,16.05,72.05,94,71,1.34,CG,1603751007
517,Carupano,10.67,-63.26,79.79,84,65,8.14,VE,1603751007
518,Verkhnyaya Khava,51.84,39.94,41.0,80,0,4.47,RU,1603751008
519,Kedrovyy,56.17,91.82,33.8,100,40,5.03,RU,1603751009
520,Jiuquan,39.74,98.52,32.67,73,82,1.07,CN,1603750607
521,Balotra,25.83,72.23,76.75,21,0,4.38,IN,1603751009
522,Cap Malheureux,-19.98,57.61,72.0,77,0,4.0,MU,1603751010
523,Kez,57.9,53.72,26.24,92,76,8.46,RU,1603751010
524,Saint-Pierre,-21.34,55.48,71.6,78,11,4.7,RE,1603750914
525,Hualmay,-11.1,-77.61,67.35,74,98,8.93,PE,1603750907
526,Vammala,61.33,22.9,50.0,93,90,10.29,FI,1603751011
527,Kosonsoy,41.26,71.55,50.0,48,0,9.17,UZ,1603751011
528,North Bend,43.41,-124.22,61.0,47,1,16.11,US,1603750613
529,Panabá,21.28,-88.27,80.6,88,100,13.49,MX,1603751012
530,Kruszwica,52.68,18.33,54.0,90,97,9.46,PL,1603751012
531,Takoradze,4.88,-1.76,77.88,87,100,6.22,GH,1603750607
532,Katangli,51.71,143.23,37.72,89,98,11.45,RU,1603751013
533,Khandyga,62.67,135.6,14.54,87,99,2.35,RU,1603751014
534,Kaoma,-14.78,24.8,71.62,27,2,7.67,ZM,1603751014
535,Barabai,-2.58,115.38,74.88,93,99,1.48,ID,1603751015
536,Aksha,50.28,113.29,22.28,73,37,6.71,RU,1603751015
537,Ryōtsu-minato,38.08,138.43,51.8,93,40,9.17,JP,1603751016
538,Chicama,-7.84,-79.15,70.32,66,98,8.46,PE,1603750930
539,Nuuk,64.18,-51.72,28.4,68,100,2.24,GL,1603750547
540,Tymovskoye,50.85,142.66,37.29,90,100,4.63,RU,1603751017
541,Agadez,19.75,10.25,71.31,21,0,6.91,NE,1603751017
542,Vanimo,-2.67,141.3,80.67,69,20,1.12,PG,1603751018
543,Lüderitz,-26.65,15.16,61.75,71,0,12.71,NA,1603750606
544,Heinola,61.21,26.04,48.2,93,90,8.05,FI,1603751019
545,Dicabisagan,17.08,122.42,78.42,85,100,1.7,PH,1603751019
546,Tottori-shi,35.5,134.23,50.0,87,75,10.29,JP,1603751020
547,Heraclea,37.51,34.05,60.64,33,100,3.78,TR,1603751020
548,Gelgaudiškis,55.08,22.98,52.97,90,62,13.02,LT,1603751021
549,Marakkanam,12.2,79.95,78.01,82,1,7.2,IN,1603751021
550,Padre Paraíso,-17.07,-41.48,68.67,92,3,1.21,BR,1603751022
551,Panzhihua,26.59,101.71,64.42,78,25,0.38,CN,1603751022
552,Kindu,-2.95,25.95,69.85,93,4,0.78,CD,1603750937
553,Biak,-0.91,122.88,76.96,78,99,3.0,ID,1603750611
554,Roebourne,-20.78,117.13,68.11,67,22,4.14,AU,1603751023
555,Santa Cruz de la Sierra,-17.8,-63.17,82.4,48,75,9.17,BO,1603750840
556,Ust-Kuyga,70.02,135.6,-2.67,87,94,2.51,RU,1603751024
557,Kununurra,-15.77,128.73,73.4,100,75,6.93,AU,1603750622
558,Perth,-31.93,115.83,59.0,100,75,5.82,AU,1603750467
559,Meulaboh,4.14,96.13,76.1,87,96,4.63,ID,1603750616
560,Pemberton,50.32,-122.8,46.0,48,20,2.24,CA,1603751025
561,Hornepayne,49.21,-84.77,27.16,85,49,3.6,CA,1603751025
